gustoca_cesta_km_ceste_po_km2_grida,gustoca_nalazista_po_km2,pct_mocvara,mean_tri,mean_elev
0.35762269152274895,0.0,74.668,1.7412920218577104,110.92717797350035
0.7043412175656796,0.0,80.9155,1.34134368613579,117.9201066963994
0.4538372309400216,0.019997824105651797,3.2051,6.727682002385858,172.41729484572446
0.2812853048468015,0.0,0.0,7.339665099166184,188.59803296407063
0.5806670772379344,0.0,0.0641,7.337839550167631,214.19602840911176
0.7193137909366221,0.0,0.1923,10.323583228792392,292.9851047999638
0.325869012354416,0.0,0.0,10.259175014070717,330.4813831123792
0.03676566381931258,0.0,0.0,17.112536069940795,587.4678512247224
0.3867659446831166,0.009998911179231178,0.3846,5.530098207433998,199.67502249567133
0.8318448548988392,0.0,61.1896,2.0059633904876994,99.15715140754898
2.9891458630814367,0.0,100.0,1.509133081869734,89.6874812757601
0.5850374762911161,0.0,93.75,1.449844101020049,105.92486479533044
0.713673462185647,0.0,92.6671,1.0104056544893851,107.06192202061662
1.5243837867492227,0.019998496308627038,30.1875,2.9676317417359095,131.07610303325654
0.32349029861325634,0.009999248180640973,0.0,8.216230688961398,196.68521080265046
0.3353504136933003,0.009999248206964339,0.0,11.669049010830605,362.41528836545945
0.0,0.0,0.125,13.600820314020291,545.4940681760788
0.12480717699202741,0.0,0.0,13.131413717721776,463.2944981980324
0.15270449240463596,0.0,0.0,14.637666632807441,539.5635571971893
1.2415020149089881,0.009999248312299472,1.0625,6.325054742601147,206.11476388778686
0.6702081606789403,0.0,53.6875,1.1919415495651056,97.10089821667671
0.6807339421427947,0.0,99.2727,1.6022588878098571,90.81514518801575
0.5344742235428035,0.0,87.3684,1.1165141897462652,103.63072240444151
0.8111514778620905,0.029998869115586392,57.6875,1.1039790700882572,109.36844504351616
0.7150250915474851,0.029998869218292482,3.1875,6.800449621213505,157.0139191257477
0.4568433369220615,0.0,0.4375,8.903653887682315,235.8975742190361
0.17217636728231628,0.0,0.0,15.955876186360978,579.4414917161942
0.20583609601950675,0.009999623175480577,0.0,12.57316087426031,412.2846097869873
0.6611745561035461,0.009999623209729554,0.0,6.176167875441894,240.53614891080855
0.20561095749993238,0.0,0.0,12.103946659365949,323.318093295002
0.6891584494848256,0.0,50.3125,1.2629036659790522,103.34131628870963
0.5265755984755701,0.0,92.1824,1.523559773097195,90.54615546142992
0.0,0.0,46.25,1.1753373236726017,101.42972449145367
0.3648978812112963,0.0,69.4423,1.149984975393281,104.56459742194833
1.1451663646763353,0.0,27.25,2.7951345679223696,123.95437440094948
0.29908521322285336,0.010000047179624393,0.0,7.616123830482736,193.1809473113537
0.33275800137489536,0.0,0.0625,13.217872385487007,412.40143399858476
0.6692697992796935,0.010000047266001925,0.0,10.263007317968714,403.5325458246231
1.5986294336566904,0.03000014192757958,0.0,2.704362766637125,184.08765690193175
0.36390952467198884,0.0,0.0,11.270067667997628,263.57695081224443
0.8643531644683871,0.010000047395586974,18.875,3.328995494806383,121.41759894733428
0.3782970409580043,0.0,54.0501,5.194930036409842,136.8564089247274
0.43375751382444044,0.0,73.2558,1.4060203116097705,100.81944069410481
0.47648335504863487,0.0,67.9399,1.8109309844401253,106.31494924947592
0.5135433799205701,0.0,8.75,2.8477414876334524,131.35549555854797
0.2395989632129542,0.0,1.125,9.862778033466267,278.23509092068673
0.31510141430560334,0.020001041070747173,0.0,12.904696846573334,459.2402746828079
0.9180436762376392,0.02000104117709996,0.25,1.9150054585966523,166.12794685058594
0.7030121008405491,0.0,1.4375,5.4442104080851115,164.65582114572524
0.8435214938322808,0.010000520694919583,8.9375,6.906610024948766,156.62547333202363
0.4328761718655859,0.012608652635017958,81.0854,1.0374351464657372,88.22977423259297
0.18717777493404472,0.0,23.3333,0.9988484992485434,86.52034119706461
0.5032305644218336,0.0,79.7015,1.568658255582824,96.64740798457474
0.3256571637964621,0.0,78.8125,1.3492150480118779,100.21602617833203
0.6653436951036645,0.0,14.375,1.0096458335919132,105.06914370265007
1.0155007732286798,0.0,1.125,2.9927254750983727,155.11656551241876
0.517984134203373,0.010001042988259646,0.0,12.910158407984442,365.1688472255707
0.6494981844276315,0.040004172209864,0.1875,3.731318141317526,173.75741880545615
0.4569512676420065,0.0,0.0,10.149432808326557,248.26096982998848
1.0546746010552808,0.010001043180888191,27.5625,5.98128386949438,150.48104885349272
0.4436755179046704,0.0,65.0516,1.1659743624689325,88.48242925423277
0.9350384610952566,0.0,60.0,1.1467381582195542,86.04631095999444
0.21895173377545502,0.0,63.5135,2.009107051478102,95.9875897495799
0.3847521493070395,0.01008839316737446,70.4588,1.3926353431739096,97.55948810828961
0.2808829974194944,0.0,63.0625,1.6496359204909663,101.60769928236007
0.9571941278741393,0.040006458214237615,7.625,1.395270632528085,111.207749369812
0.9299645235991907,0.020003229259646264,0.0,7.297627695632502,199.03815409693718
0.39646050043103065,0.07001130294266632,0.0,6.572820817759377,194.48565945940018
0.3852263740551048,0.05000807391184945,0.0625,9.772510742371809,251.67870040426254
3.3716663774608864,0.07101436283803207,23.9975,4.047027020931325,129.77968536541005
0.3302837191919965,0.0628127850920824,99.5798,1.4773606104905843,86.60242933216199
0.22113643296467875,0.0,77.4436,1.7000723475739654,92.49487493190335
0.6922058810605469,0.02008700410641335,75.1724,1.019861693832247,95.2944625522109
0.47685379409958106,0.0,77.125,1.2887434703772023,96.31887578849792
0.36276254394942065,0.0,48.625,1.315270805581382,100.50914512896537
0.43152748591937296,0.1100245901227433,2.125,4.105371388996277,145.0197260547638
0.24634642335059934,0.0,0.125,6.914583182679216,193.97457041740418
0.2704702017423435,0.010002235644454452,0.0,8.290763453241892,194.40894942164422
0.7691169580661856,0.03000670720151629,51.0,2.2243863312683163,109.31223695054054
0.3703527084459139,0.0,75.8231,1.7054358480560625,90.38111380934654
0.0,0.0,94.7368,0.7730505686862853,88.19990766504255
0.5606781457149397,0.021563882418879986,67.2,1.5494036609437574,93.50570730751852
0.4467358420695113,0.010002905295009402,74.5,1.2874082958074018,93.84187547712327
0.5380984267398248,0.0,67.125,1.4073017860529917,98.6279364845276
0.36419272598659064,0.020005811004037675,34.9375,1.2277246079422008,105.49317038750648
0.460327221609617,0.030008716816599876,5.6875,2.620848260877455,129.27238673768045
0.7539223790019753,0.030008717127166722,10.375,3.059025495388228,128.59384358959198
1.1237040331577894,0.020005811625167597,79.0,1.2084820909643628,91.00014366202355
0.768639110182244,0.0,64.9737,1.7234919501295343,93.30423272555308
0.22891224049290185,0.0,46.8966,0.8518988344737232,94.07365564251127
0.7866669928346921,0.0,93.9041,1.6014826991437758,91.04048047386343
1.0367735052421967,0.04001449803205511,64.4375,1.1332229468180721,90.76801999750137
0.40971050110631374,0.030010873880082087,75.75,1.1169976590412203,93.41797761721611
0.7818061228185474,0.010003624745382468,56.3125,1.0763805973430842,92.08435629153252
1.0358011079724196,0.1400507480971263,6.125,1.486273463377166,104.6223080443859
1.1111631691955137,0.06002174989671916,70.875,1.4200485419373778,93.59752851314545
0.5110299962171768,0.0,87.75,1.037391445514441,85.09051208143234
1.2396737148636234,0.04083713262348939,99.6073,1.0577872121074647,85.27421028645261
0.0,0.0,32.6316,0.9517246576459322,105.38184405041243
1.6656935183366148,0.08292757228328977,50.2554,1.2196858148539829,96.08892558260106
0.630898942752802,0.02000878559639489,94.875,1.1224822548980344,90.96013438811302
0.6254355035478357,0.020008785866171108,84.5625,1.5505487704437688,89.39505669484139
1.5422793084251956,0.05002196533990938,65.125,0.8681216452626704,89.27793004307748
0.48378524877003376,0.030013179608682137,79.125,0.9231819032125697,87.28172088403701
0.44874067056313527,0.08003514670247686,16.5625,1.1754129210767008,99.6754172744751
0.4593976596216781,0.020008786945482037,67.3125,1.5544299546723896,92.08768592710496
0.31862918421702674,0.0,97.4375,1.3156139500453268,85.18108694219589
1.0631821520442635,0.0,99.1968,1.128971459075686,84.74400208539663
2.7894068175148505,0.0,100.0,2.241385856424924,84.58162144962273
0.5120856423009938,0.0,33.7925,1.0255290728280846,88.69344653098773
0.5789339963946767,0.0700364719147198,4.875,3.565954513467162,120.3842647854805
0.6987148993346527,0.010005210425654965,67.375,1.0870870054910786,91.11020518684387
0.7977191999196477,0.0,94.375,1.1232025113949904,86.01644798460006
2.9288786972470593,0.04002084291983078,84.625,1.0763801330872598,88.70919273409844
0.7067775970057373,0.020010421764254768,90.5625,0.7971392873603751,85.50419868178368
0.4599718310710785,0.03001563310293133,22.4375,1.107850601081414,92.45700098228454
0.915432502776524,0.10005211186502791,41.125,1.0922664867548766,87.85276653580665
0.6165969393180443,0.020010422677405847,66.9375,1.1335901867665619,84.13171174964904
1.347346721869555,0.023206900748136902,94.1563,1.1996163176151942,83.94867681462925
0.13964614608115514,0.0,80.315,1.5358817523176196,83.42265790825438
0.11469483142637832,0.0,61.2487,1.9859758657039155,86.99342875802895
0.7101890331407891,0.060070367598495,38.6856,2.4566807721110298,99.18457671351806
0.3070469431686133,0.0,93.3083,1.2880119848157972,82.88451111573148
0.29134202725409586,0.0,96.75,1.273773596059955,83.06858557043076
0.5100033025889653,0.01000607762068183,99.9375,1.3187264115241821,86.90276903014183
0.466252546718514,0.04002431116463618,99.625,0.7004405694097317,85.78882060985565
0.8632617157977313,0.04002431184656052,26.1875,1.0448434117944438,89.57176420817375
2.1686189588680262,0.17010332824637814,42.4375,1.3488730747586575,87.80761403861045
0.40913467650528,0.010006078302645313,74.75,1.3752880389125313,85.41194951958656
0.4867739023290934,0.0,90.625,1.7267600863386128,86.21526431446075
0.2928404845026429,0.0,95.2203,1.788573052523076,85.3994163332778
0.9516981609806954,0.0,73.0111,1.7135285484745584,84.176642104571
0.516067932150733,0.0,40.0,4.009294820422196,82.78075144191176
0.0,0.0,16.6667,3.9222476107740007,88.11521050373008
0.30383181086304933,0.0,83.1111,2.4222291895459183,88.89516348573221
0.07419191624591251,0.0,83.371,1.7844561781983554,85.19155878369891
0.15786979110542287,0.0,94.5428,1.7930424939934855,84.56198265191775
0.8453101334970373,0.04085152397092403,59.7817,2.047737300007149,99.61643580841012
0.652271193884901,0.0,99.5984,0.8348313071064017,86.3095118894799
1.5867340408022814,0.10814089133760696,24.6465,1.4030473288983598,93.33369119726713
0.6772171150241685,0.060041965909228084,16.3125,1.2107411310243588,101.55092755522728
0.7228311326030603,0.07004896155641173,45.125,1.1233458200976456,86.3947590933323
0.37594527820117385,0.010006994697921129,99.9375,2.0089459364784417,85.84160422682763
0.4031752144079573,0.0,77.25,1.6099741787696833,85.57134127426147
0.5234701503332577,0.0,55.875,1.1898337047372398,84.19557751164436
0.8230292722127188,0.0,82.5,3.1811852163560697,82.35766218197647
0.5776080305677005,0.02567772934740756,57.5758,2.612866481916303,97.8572673818679
0.0,0.0,100.0,2.501474935432011,81.4193123899318
1.1366334442343002,0.23829670929966748,41.2903,2.0259599980427634,96.47361114308845
0.49720219713772534,0.06104248561738754,18.4411,1.3974782398860666,109.79066682027425
0.5312694535617779,0.010007959963982085,64.625,0.999961207523349,90.94923960433006
0.4740277401318239,0.031838972364154505,90.5235,1.3778277163135688,83.23389436194127
0.010525184968420826,0.0,94.8153,1.947198919377274,87.26973256723396
0.3934041225455306,0.0,64.1749,1.4807170597456694,82.78080307142064
0.0,0.0,91.6667,4.19795990380833,78.33532045219201
0.6105916403552072,0.1267759381898033,28.7813,2.497763827566061,111.13238020997468
0.4890885314365928,0.017618728171618813,32.2148,1.2015947772994326,114.69416104216924
0.0,0.0,100.0,0.842255971613321,81.26987671494207
0.01031979133066663,0.0,100.0,2.533674109698956,85.18713003281502
1.6021455278741747,0.0,100.0,3.06898387686286,85.97969083686634
1.151860237621116,0.10463079065122019,22.5552,3.291667048452965,113.63598238237164
0.4942600057365329,0.023745750674611883,0.1522,5.555404937895487,181.98370350782452
1.5026466639149347,0.07679105913592085,45.2055,3.6946396659836145,107.99515281570181
0.2293095329658479,0.0,0.3226,6.317492333300059,191.50663009937998
